item_id,v1,v2,v3,v4,v5,v6,v7,v8,v9,v10,v11,v12,v13,v14,v15,v16,v17,v18,v19
197,2,2,2,4,2,2,4,4,38,37,37,46,37,37,58,57,41,39,38
300,0,0,0,0,0,0,0,0,6,4,4,4,4,4,6,4,16,13,13
535,5,5,5,5,5,5,5,5,18,18,18,18,18,18,20,20,28,26,26
585,4,4,4,4,4,4,5,5,27,26,26,32,26,26,36,35,28,24,24
727,4,4,4,4,4,4,6,6,172,169,162,202,162,169,248,244,147,146,140
1765,1,1,1,2,1,1,4,4,13,13,13,14,13,13,18,17,13,13,13
1967,0,0,0,0,0,0,0,0,46,46,46,65,46,46,74,74,290,275,272
2274,0,0,0,0,0,0,0,0,7,7,7,7,7,7,7,7,0,0,0
3024,0,0,0,1,0,0,1,1,4,4,4,4,4,4,7,7,2,2,2
3279,12,12,12,13,12,12,15,15,122,122,122,138,122,122,148,148,150,149,148
3435,115,110,106,129,106,110,163,156,537,519,512,745,533,540,870,838,607,547,538
3654,0,0,0,0,0,0,0,0,11,2,2,2,2,2,11,2,9,3,3
4044,0,0,0,0,0,0,0,0,15,15,15,16,15,15,20,20,5,5,5
5141,14,14,14,16,14,14,17,17,81,80,80,88,80,80,99,97,89,87,87
5219,6,6,6,8,6,6,9,8,82,66,64,72,64,66,127,95,74,59,56
5303,1,1,1,2,1,1,2,2,5,5,5,6,5,5,9,9,2,2,2
5519,0,0,0,0,0,0,0,0,15,15,15,15,15,15,21,21,15,15,15
5949,4,4,4,4,4,4,4,4,45,45,41,54,41,45,77,72,57,54,53
6572,0,0,0,1,0,0,1,1,3,3,3,6,3,3,6,6,4,4,4
6939,7,7,6,10,6,7,17,17,61,60,56,79,56,60,107,106,118,115,110
7716,9,9,9,9,9,9,10,10,47,45,44,50,44,45,58,56,42,41,40
8207,0,0,0,0,0,0,0,0,1,1,1,2,1,1,2,2,1,1,1
8230,20,14,14,21,14,14,30,24,155,133,127,223,127,133,300,257,117,104,101
8267,0,0,0,1,0,0,1,1,1,1,1,1,1,1,2,2,0,0,0
8393,2,2,2,2,2,2,4,4,15,15,15,16,15,15,18,18,17,17,17
8426,5,5,5,7,5,5,8,8,43,31,29,33,29,31,60,39,23,20,20
8474,2,2,2,2,2,2,3,3,2,2,2,3,2,2,3,3,7,7,7
8477,3,3,3,4,3,3,5,5,11,10,10,13,10,10,21,20,22,22,22
8879,0,0,0,1,0,0,1,1,2,2,2,3,2,2,3,3,1,1,1
8903,0,0,0,0,0,0,0,0,3,3,3,4,3,3,5,5,2,2,2
8933,4,4,4,4,4,4,4,4,16,16,16,17,16,16,18,18,10,10,10
9089,0,0,0,0,0,0,0,0,1,1,1,1,1,1,1,1,0,0,0
9215,4,4,4,4,4,4,4,4,12,12,12,17,14,14,24,24,6,6,5
9425,0,0,0,0,0,0,0,0,2,2,2,2,2,2,2,2,8,8,8
9533,0,0,0,1,0,0,1,1,9,9,9,9,9,9,9,9,0,0,0
9551,5,5,5,6,5,5,7,6,64,61,57,72,57,61,111,105,67,66,61
9574,2,2,2,3,2,2,3,3,99,99,99,107,99,99,109,109,130,130,130
9590,37,37,36,58,43,44,68,68,127,126,122,457,359,376,573,563,298,290,281
9595,8,8,8,13,8,8,15,15,25,25,24,44,24,25,55,53,3,3,3
9611,1,1,1,2,1,1,2,2,0,0,0,2,0,0,2,2,0,0,0
9659,1,1,1,1,1,1,1,1,0,0,0,1,0,0,1,1,2,2,2
9689,3,3,3,3,3,3,3,3,118,118,117,120,117,118,126,126,21,21,21
9707,0,0,0,0,0,0,0,0,1,1,1,1,1,1,1,1,1,1,1
9754,14,14,13,16,13,14,17,17,76,74,74,90,74,74,101,99,104,104,100
9827,2,2,2,2,2,2,4,4,4,3,3,6,3,3,9,8,4,4,4
9964,2,2,2,7,2,2,7,7,22,22,22,57,34,34,65,60,126,57,53
10325,2,2,2,2,2,2,2,2,11,11,11,14,11,11,15,15,16,16,15
10931,15,14,14,14,14,14,17,16,130,126,125,133,125,126,156,150,137,126,125
10943,2,2,2,2,2,2,2,2,12,11,11,11,11,11,13,12,15,15,15
10949,0,0,0,1,0,0,1,1,3,3,3,4,3,3,4,4,1,1,1
10991,0,0,0,0,0,0,0,0,1,1,1,1,1,1,1,1,0,0,0
11068,16,16,16,15,16,16,15,15,157,157,155,176,155,157,186,186,149,149,149
11108,160,158,150,194,150,158,232,229,929,909,859,1022,859,909,1290,1262,103,100,94
11255,23,23,23,33,23,23,34,34,209,189,179,254,179,189,348,302,118,108,108
11447,1,1,1,1,1,1,1,1,4,4,4,4,4,4,4,4,2,2,2
11534,0,0,0,0,0,0,0,0,1,1,1,1,1,1,1,1,1,1,1
11921,1,1,1,0,1,1,0,0,76,76,69,83,74,81,104,104,27,22,20
11987,0,0,0,1,0,0,1,1,1,1,1,2,1,1,2,2,1,1,1
12104,1,1,1,1,1,1,1,1,2,2,2,2,2,2,2,2,2,2,2
12223,19,19,19,22,19,19,23,23,111,110,110,131,110,110,139,137,81,80,80
12485,2,2,2,2,2,2,3,3,8,8,8,8,8,8,8,8,4,4,4
12659,2,2,2,2,2,2,2,2,36,23,23,24,23,23,40,27,24,19,19
12905,1,1,1,1,1,1,1,1,14,14,14,20,14,14,22,22,18,17,17
12940,8,8,8,7,8,8,7,7,68,57,56,60,56,57,73,62,45,41,41
13013,0,0,0,0,0,0,0,0,2,2,2,2,2,2,2,2,2,2,2
13037,0,0,0,0,0,0,0,0,1,1,1,1,1,1,1,1,0,0,0
13049,0,0,0,0,0,0,0,0,7,7,7,7,7,7,7,7,4,4,4
13064,3,3,3,4,3,3,4,4,14,11,11,11,11,11,16,12,28,15,12
13085,2,2,1,1,1,2,3,3,12,12,10,13,10,12,17,17,0,0,0
13112,1,1,1,2,1,1,2,2,24,24,22,28,22,24,30,30,7,6,6
13282,10,10,10,14,10,10,20,20,111,109,109,129,109,109,145,142,101,100,100
14207,5,5,5,5,5,5,6,6,8,8,8,9,8,8,10,10,18,17,17
14291,0,0,0,0,0,0,0,0,1,1,1,1,1,1,2,2,0,0,0
14321,1,1,1,1,1,1,1,1,1,1,1,3,3,3,3,3,3,3,3
14393,1,1,1,1,1,1,1,1,16,3,3,3,3,3,16,3,8,7,7
14399,0,0,0,0,0,0,0,0,5,5,5,6,5,5,6,6,5,5,5
14471,0,0,0,0,0,0,0,0,9,9,9,10,9,9,13,13,7,7,7
14663,34,34,34,44,34,34,51,51,238,237,230,294,230,237,351,348,375,373,363
14714,7,7,7,7,7,7,8,8,73,71,70,75,70,71,92,90,38,38,36
14920,1,1,1,1,1,1,1,1,65,49,48,56,48,49,87,69,45,39,39
14960,6,6,6,9,6,6,11,11,75,75,75,84,75,75,98,98,66,64,63
15170,6,6,6,6,6,6,7,7,24,24,24,26,24,24,27,27,17,17,17
15191,9,9,9,10,9,9,11,11,61,61,61,79,61,61,97,97,81,81,79
15200,0,0,0,0,0,0,0,0,1,1,1,1,1,1,1,1,4,4,4
15257,0,0,0,0,0,0,0,0,1,1,1,1,1,1,1,1,4,4,4
15413,0,0,0,0,0,0,0,0,1,1,1,2,1,1,4,4,2,2,2
15584,1,1,1,2,1,1,2,2,26,25,21,33,26,30,45,44,14,14,14
16043,1,1,1,2,1,1,4,4,31,28,27,27,27,28,41,33,6,6,6
16109,0,0,0,0,0,0,0,0,1,1,1,1,1,1,1,1,0,0,0
16235,1,1,1,0,1,1,0,0,4,4,4,6,4,4,7,7,3,3,3
16241,2,2,2,3,2,2,3,3,20,12,12,13,12,12,22,14,69,17,17
16434,2,2,2,2,2,2,2,2,6,6,6,6,6,6,6,6,5,5,5
16632,11,11,11,14,11,11,14,14,91,85,83,100,83,85,121,113,82,81,79
16659,4,4,4,5,4,4,6,6,9,8,8,18,17,18,30,24,22,15,15
16926,1,1,1,1,1,1,1,1,6,6,6,7,6,6,8,8,3,3,3
17199,0,0,0,0,0,0,0,0,2,2,2,2,2,2,2,2,0,0,0
17358,0,0,0,1,0,0,1,1,1,1,1,1,1,1,1,1,1,1,1
17392,6,6,6,8,6,6,10,10,28,28,28,36,28,28,37,37,36,34,33
17523,3,3,3,3,3,3,3,3,42,42,42,44,42,42,47,47,45,42,41
17574,0,0,0,1,0,0,1,1,2,2,2,4,2,2,4,4,2,2,2
17610,1,1,1,1,1,1,1,1,1,1,1,1,1,1,1,1,1,1,1
17667,3,3,3,3,3,3,3,3,0,0,0,0,0,0,0,0,1,1,1
17731,5,5,5,5,5,5,6,6,15,15,15,19,15,15,20,20,34,34,34
17754,0,0,0,0,0,0,0,0,3,3,3,3,3,3,3,3,4,4,4
17946,0,0,0,0,0,0,0,0,2,2,2,3,2,2,5,5,1,1,1
18030,1,1,1,2,1,1,2,2,7,7,7,9,7,7,10,10,9,9,9
18063,0,0,0,0,0,0,0,0,3,3,2,3,2,3,5,5,4,4,4
18435,0,0,0,0,0,0,0,0,1,1,1,1,1,1,1,1,0,0,0
18958,67,67,67,80,67,67,100,99,289,289,286,313,286,289,340,340,331,330,327
19170,0,0,0,0,0,0,0,0,6,6,6,11,6,6,14,14,7,7,7
19869,15,15,14,18,14,15,22,22,168,158,155,191,155,158,226,210,195,187,180
19914,0,0,0,0,0,0,0,0,2,2,2,2,2,2,2,2,0,0,0
19962,2,2,2,2,2,2,2,2,6,6,6,7,6,6,7,7,1,1,1
19966,4,4,4,4,4,4,4,4,22,22,22,27,22,22,33,33,14,14,14
20088,10,10,10,12,10,10,13,13,94,92,92,121,92,92,137,134,48,48,48
20166,2,1,1,1,1,1,2,1,24,21,17,18,17,21,29,25,15,10,10
20499,2,2,2,2,2,2,2,2,4,4,4,4,4,4,5,5,5,5,5
21399,15,15,15,14,15,15,18,18,83,79,76,87,76,79,107,102,153,149,148
21570,1,1,1,1,1,1,1,1,6,6,6,6,6,6,6,6,1,1,1
22108,21,18,18,20,18,18,24,21,86,79,78,98,78,79,110,103,64,64,63
22282,9,9,8,9,8,9,12,12,92,90,90,100,90,90,112,109,62,62,62
22338,3,3,3,3,3,3,3,3,15,15,15,15,15,15,16,16,21,17,17
22344,11,11,11,23,11,11,24,24,197,197,197,495,309,309,542,542,102,102,102
22938,2,2,2,2,2,2,2,2,8,8,8,9,8,8,10,10,9,9,9
23160,0,0,0,0,0,0,0,0,6,6,6,5,6,6,5,5,0,0,0
23571,0,0,0,0,0,0,0,0,8,8,8,8,8,8,8,8,4,4,4
23671,5,5,5,6,5,5,7,7,33,28,26,75,66,68,105,95,63,57,54
23692,12,12,12,15,12,12,19,19,201,200,195,225,195,200,271,269,165,155,150
23799,1,1,1,1,1,1,1,1,0,0,0,0,0,0,0,0,0,0,0
24018,0,0,0,0,0,0,0,0,1,1,1,1,1,1,1,1,1,1,1
24174,64,63,63,63,63,63,65,64,450,450,450,463,450,450,472,472,423,423,423
24183,0,0,0,0,0,0,0,0,2,2,2,3,2,2,3,3,3,3,2
24198,0,0,0,1,0,0,1,1,8,8,8,10,8,8,10,10,13,12,11
24222,1,1,1,1,1,1,1,1,9,9,9,9,9,9,10,10,8,8,8
24264,0,0,0,1,0,0,1,1,6,6,6,10,6,6,10,10,9,9,9
24366,0,0,0,0,0,0,0,0,1,1,1,4,3,3,7,7,1,1,1
24378,2,2,2,3,2,2,4,4,5,5,5,6,5,5,8,8,2,2,2
24528,3,3,3,4,3,3,4,4,44,44,44,54,49,49,59,59,26,26,26
24615,3,3,3,3,3,3,3,3,29,29,29,33,29,29,36,36,39,39,39
24679,23,23,23,29,23,23,33,33,173,169,169,199,169,169,222,216,233,226,226
24867,0,0,0,0,0,0,0,0,1,1,1,1,1,1,1,1,2,2,2
25455,0,0,0,0,0,0,0,0,1,1,1,2,1,1,2,2,0,0,0
25839,1,1,1,1,1,1,1,1,12,12,12,14,12,12,18,18,13,13,13
25986,1,1,1,0,1,1,0,0,3,3,3,4,3,3,5,5,2,2,2
25995,0,0,0,1,0,0,1,1,5,5,5,5,5,5,10,10,3,3,3
26079,0,0,0,0,0,0,0,0,6,6,6,6,6,6,6,6,1,1,1
26115,0,0,0,0,0,0,0,0,1,1,1,1,1,1,1,1,1,1,1
26290,5,5,5,4,5,5,4,4,31,30,29,33,29,30,41,36,46,43,43
26307,1,1,1,1,1,1,1,1,5,5,5,6,5,5,6,6,5,5,5
26427,1,1,1,1,1,1,1,1,7,7,7,12,7,7,15,15,5,5,5
26562,1,1,1,1,1,1,1,1,3,3,3,3,3,3,3,3,0,0,0
26622,2,2,2,2,2,2,2,2,14,14,14,18,14,14,22,22,15,15,15
26655,0,0,0,0,0,0,0,0,11,11,11,12,11,11,12,12,28,28,28
26667,2,2,2,2,2,2,2,2,5,5,5,8,6,6,10,10,2,2,2
26679,0,0,0,0,0,0,0,0,4,4,2,2,2,4,4,4,5,4,4
27195,12,9,8,9,8,9,13,10,60,49,48,53,48,49,77,62,138,83,81
27462,0,0,0,0,0,0,0,0,6,6,6,7,6,6,7,7,5,5,5
28026,0,0,0,1,0,0,1,1,1,1,1,4,1,1,4,4,1,1,1
28056,8,8,7,10,7,8,12,12,52,51,50,67,51,52,90,89,27,27,26
28086,4,3,3,4,3,3,5,4,11,11,11,15,11,11,16,16,15,15,15
28111,0,0,0,66,30,31,93,90,42,39,39,197,141,141,220,215,22,22,22
28113,9,5,5,7,5,5,17,9,54,36,34,53,34,36,96,69,37,21,19
28174,10,10,10,11,10,10,13,13,44,41,41,46,41,41,51,48,81,78,77
28810,8,8,8,8,8,8,8,8,52,48,48,50,48,48,60,56,54,50,50
28881,8,7,6,6,6,7,8,7,37,35,35,38,35,35,43,40,38,36,34
28887,2,2,2,2,2,2,2,2,37,25,25,26,25,25,46,27,15,13,13
29262,7,7,1,1,1,7,7,7,53,52,7,7,7,52,53,52,82,82,7
29271,19,19,19,24,19,19,27,27,114,113,112,142,112,113,162,161,95,94,94
29542,90,90,87,101,87,90,121,121,524,522,516,560,516,522,627,624,535,532,528
29631,0,0,0,0,0,0,0,0,3,2,2,2,2,2,5,3,0,0,0
29751,0,0,0,2,0,0,2,2,3,3,3,7,3,3,8,8,0,0,0
29775,0,0,0,0,0,0,0,0,3,3,3,4,3,3,4,4,5,5,4
30087,0,0,0,0,0,0,0,0,2,2,2,2,2,2,2,2,3,3,3
30174,3,3,3,4,3,3,4,4,62,41,40,46,40,41,97,59,29,24,23
30378,0,0,0,0,0,0,0,0,1,1,1,1,1,1,1,1,2,2,2
30442,4,4,4,4,4,4,4,4,43,36,34,43,34,36,54,46,49,36,36
30444,2,2,2,2,2,2,2,2,10,10,10,10,10,10,12,12,3,3,3
30486,2,2,2,4,2,2,8,8,119,119,119,136,119,119,148,148,155,106,101
30513,15,15,15,23,15,15,25,25,51,50,50,67,58,58,74,73,77,67,65
30567,5,5,5,5,5,5,5,5,63,61,61,67,61,61,72,70,71,68,66
30574,8,8,8,8,8,8,9,9,18,18,18,19,18,18,22,22,25,23,23
30654,1,1,1,1,1,1,1,1,3,3,3,4,3,3,5,5,3,3,3
30915,0,0,0,0,0,0,0,0,3,3,3,3,3,3,6,6,0,0,0
30918,1,1,1,2,1,1,2,2,18,18,18,23,18,18,25,25,20,20,20
30927,2,2,2,5,2,2,5,5,34,29,29,55,29,29,65,60,19,19,19
30940,4,4,4,5,4,4,6,6,78,77,77,79,77,77,86,85,105,100,99
30951,1,1,1,1,1,1,1,1,3,3,3,3,3,3,4,4,0,0,0
31026,0,0,0,0,0,0,0,0,1,1,1,1,1,1,1,1,0,0,0
31275,0,0,0,0,0,0,0,0,3,3,3,4,3,3,6,6,2,2,2
31299,1,1,1,4,3,3,5,5,2,2,2,44,39,39,52,52,2,2,2
31344,1,1,1,1,1,1,1,1,21,20,20,22,20,20,24,23,6,6,6
31491,0,0,0,0,0,0,0,0,3,3,3,3,3,3,3,3,1,1,1
31683,2,2,2,4,2,2,4,4,29,28,28,34,28,28,41,40,23,23,23
31713,42,38,36,50,36,38,65,61,344,320,306,432,306,320,554,522,165,149,143
31938,0,0,0,0,0,0,0,0,1,1,1,1,1,1,1,1,0,0,0
32019,2,2,2,2,2,2,2,2,5,5,5,6,5,5,6,6,3,3,3
32340,1,1,1,1,1,1,1,1,7,7,7,8,7,7,8,8,3,3,3
32439,0,0,0,0,0,0,0,0,4,4,4,4,4,4,7,6,3,3,3
32484,6,6,6,7,6,6,8,8,77,77,77,83,77,77,97,97,83,83,83
32715,0,0,0,0,0,0,0,0,1,1,1,1,1,1,1,1,0,0,0
32754,0,0,0,0,0,0,0,0,14,11,11,11,11,11,14,11,7,7,7
32782,2,2,2,2,2,2,2,2,12,11,11,12,11,11,18,16,2,2,2
32869,0,0,0,0,0,0,0,0,12,12,12,13,12,12,14,14,4,4,4
33037,0,0,0,0,0,0,0,0,1,1,1,1,1,1,1,1,1,1,1
33133,1,1,1,1,1,1,1,1,1,1,1,1,1,1,1,1,0,0,0
33166,1,1,1,1,1,1,1,1,18,18,18,22,18,18,28,28,25,22,22
33172,0,0,0,0,0,0,0,0,3,3,3,2,3,3,2,2,13,10,10
33388,0,0,0,0,0,0,0,0,2,2,2,2,2,2,2,2,1,1,1
33796,0,0,0,0,0,0,0,0,14,13,13,13,13,13,14,13,10,10,10
33982,11,11,11,13,11,11,15,15,99,97,93,105,93,97,124,122,120,119,108
34047,0,0,0,1,0,0,1,1,38,35,33,42,33,35,67,64,51,47,41
34078,0,0,0,0,0,0,0,0,6,6,6,12,10,10,13,13,6,6,4
34108,0,0,0,0,0,0,0,0,2,2,2,6,2,2,6,6,3,3,3
34270,18,18,18,33,18,18,40,40,107,107,107,187,107,107,226,225,133,132,131
34774,1,1,1,1,1,1,1,1,8,8,8,13,8,8,15,15,4,4,4
34894,0,0,0,0,0,0,0,0,2,2,2,2,2,2,3,3,1,1,1
35134,1,1,1,1,1,1,1,1,12,10,10,11,10,10,14,12,13,12,12
35299,28,28,27,28,27,28,35,35,158,153,151,161,151,153,190,182,220,219,215
35700,21,12,11,13,11,12,25,15,143,73,66,75,66,73,216,105,110,64,61
35740,0,0,0,0,0,0,0,0,1,1,1,1,1,1,1,1,1,1,1
35788,2,2,2,2,2,2,2,2,13,13,12,14,12,13,18,18,6,6,6
35911,1,1,1,1,1,1,1,1,2,2,2,2,2,2,2,2,1,1,1
36046,0,0,0,0,0,0,0,0,25,25,25,26,25,25,28,28,33,33,33
36223,1,1,1,1,1,1,1,1,0,0,0,0,0,0,0,0,3,3,3
36379,58,55,53,55,53,55,68,65,264,252,240,461,418,439,565,538,202,194,187
36565,2,2,2,2,2,2,2,2,3,3,3,26,22,22,33,32,12,12,11
36589,0,0,0,0,0,0,0,0,2,2,2,2,2,2,2,2,3,3,3
36844,1,1,1,1,1,1,1,1,2,2,2,3,2,2,3,3,2,2,2
36879,6,6,6,7,6,6,7,7,64,64,58,71,58,64,82,82,67,60,54
37060,0,0,0,102,93,93,113,113,73,73,73,85,73,73,86,86,108,107,107
37645,13,13,13,15,13,13,18,18,204,201,196,231,196,201,305,300,247,243,239
38095,1,1,1,1,1,1,1,1,8,5,5,5,5,5,11,6,4,4,4
38158,1,1,1,1,1,1,1,1,5,5,5,9,5,5,11,11,13,13,13
38182,0,0,0,0,0,0,0,0,5,5,5,5,5,5,6,6,14,12,12
38197,0,0,0,1,0,0,1,1,5,5,5,5,5,5,6,6,4,4,4
38341,0,0,0,0,0,0,0,0,15,15,15,15,15,15,20,20,11,11,11
38581,0,0,0,0,0,0,0,0,4,4,4,4,4,4,4,4,1,1,1
38638,0,0,0,0,0,0,0,0,2,1,1,0,1,1,0,0,0,0,0
38647,1,1,1,1,1,1,1,1,0,0,0,0,0,0,0,0,1,1,1
38695,2,1,1,2,1,1,6,2,1,1,1,2,1,1,2,2,3,3,3
38716,0,0,0,0,0,0,0,0,6,6,6,7,6,6,7,7,2,2,2
38758,0,0,0,0,0,0,0,0,2,2,2,3,2,2,3,3,9,9,7
38797,0,0,0,0,0,0,0,0,3,3,3,3,3,3,3,3,1,1,1
38830,1,1,1,1,1,1,1,1,4,4,4,5,4,4,5,5,3,3,3
38836,3,3,3,4,3,3,4,4,16,14,14,18,14,14,29,27,12,12,12
39133,2,2,2,2,2,2,2,2,15,14,14,16,14,14,18,17,7,7,7
39190,6,6,6,7,6,6,7,7,57,55,55,57,55,55,67,61,53,49,49
39412,5,5,5,5,5,5,5,5,30,30,29,37,29,30,41,41,20,20,20
39436,1,1,1,2,1,1,2,2,8,8,8,11,8,8,13,13,7,7,7
39709,0,0,0,0,0,0,0,0,1,1,1,2,1,1,2,2,0,0,0
39718,5,5,5,5,5,5,5,5,25,24,24,78,65,66,88,86,14,14,14
39783,11,11,11,14,11,11,17,17,59,58,57,83,57,58,107,105,14,14,13
39796,0,0,0,0,0,0,0,0,4,4,4,4,4,4,5,5,3,2,2
40173,1,1,1,3,1,1,3,3,26,26,26,33,26,26,44,44,26,25,23
40198,1,1,1,1,1,1,4,4,0,0,0,0,0,0,0,0,2,2,2
40207,1,1,1,2,1,1,2,2,14,13,13,21,13,13,24,23,12,11,11
40255,1,1,1,1,1,1,1,1,0,0,0,1,0,0,1,1,0,0,0
40438,0,0,0,0,0,0,0,0,3,3,3,3,3,3,3,3,2,2,2
40693,0,0,0,1,0,0,1,1,2,2,2,2,2,2,2,2,1,1,1
41158,1,1,1,1,1,1,1,1,5,5,5,6,5,5,7,7,1,1,1
41590,0,0,0,0,0,0,0,0,3,3,3,3,3,3,4,4,20,2,1
41655,145,143,143,167,143,143,211,209,1060,1043,1022,1208,1041,1063,1453,1418,1045,1017,1000
41860,0,0,0,1,0,0,1,1,6,6,6,6,6,6,9,9,3,3,3
41869,1,1,1,1,1,1,1,1,8,8,8,9,8,8,9,9,11,9,9
41884,0,0,0,0,0,0,0,0,2,2,2,2,2,2,3,3,0,0,0
42004,0,0,0,0,0,0,0,0,1,1,1,2,1,1,2,2,2,2,2
42093,7,7,7,8,7,7,11,11,61,60,59,64,59,60,76,75,72,72,72
42301,14,13,13,14,13,13,15,14,91,73,73,79,73,73,103,83,85,81,81
42355,2,2,2,3,2,2,3,3,36,35,35,69,52,53,82,81,36,36,35
42391,0,0,0,0,0,0,0,0,5,5,5,5,5,5,5,5,2,2,2
42652,1,1,1,1,1,1,1,1,3,3,3,3,3,3,3,3,2,2,2
42829,6,6,6,7,6,6,8,8,132,124,122,148,122,124,187,174,0,0,0
42853,0,0,0,0,0,0,0,0,1,1,1,1,1,1,1,1,4,4,4
42883,6,6,6,7,6,6,8,8,39,36,36,43,36,36,51,48,42,36,35
43162,3,3,3,4,3,3,4,4,29,28,28,29,28,28,34,32,32,28,27
43429,0,0,0,0,0,0,0,0,2,2,2,2,2,2,2,2,8,8,8
43918,3,3,3,3,3,3,3,3,19,19,19,22,19,19,23,23,19,19,19
44580,11,11,11,17,11,11,22,22,48,48,47,83,60,61,98,98,45,45,45
44815,0,0,0,0,0,0,0,0,1,1,1,1,1,1,1,1,0,0,0
45190,3,3,3,4,3,3,5,4,105,33,33,36,33,33,110,38,31,23,23
45223,1,1,1,1,1,1,1,1,4,4,4,5,4,4,6,6,6,6,6
45247,0,0,0,0,0,0,0,0,2,2,2,2,2,2,2,2,0,0,0
45268,1,1,1,1,1,1,1,1,4,4,4,4,4,4,4,4,3,3,3
46147,14,13,13,16,13,13,20,19,163,151,114,145,114,151,206,194,87,85,76
46708,20,20,20,23,20,20,23,23,86,85,82,122,82,85,160,156,87,87,84
46750,0,0,0,0,0,0,0,0,1,1,1,3,2,2,3,3,0,0,0
46933,3,3,3,3,3,3,3,3,3,3,3,7,3,3,7,7,5,5,5
46942,2,2,2,2,2,2,3,3,9,9,9,10,9,9,13,13,8,8,8
46948,0,0,0,1,0,0,1,1,2,2,2,2,2,2,2,2,2,2,2
47134,1,1,1,1,1,1,1,1,4,4,4,4,4,4,4,4,1,1,1
47151,15,14,14,25,14,14,32,29,278,253,245,341,245,253,410,373,245,238,232
47206,2,2,2,2,2,2,2,2,13,13,13,20,13,13,22,22,19,19,18
47230,0,0,0,0,0,0,0,0,3,3,3,3,3,3,3,3,0,0,0
47335,2,2,2,3,2,2,3,3,7,7,7,10,7,7,11,11,11,11,10
47340,2,2,2,2,2,2,2,2,34,34,34,35,34,34,35,35,11,11,11
47557,0,0,0,0,0,0,0,0,13,13,13,13,13,13,13,13,9,9,9
47605,1,1,1,1,1,1,2,2,1,1,1,1,1,1,1,1,2,2,2
47623,0,0,0,0,0,0,0,0,1,1,1,7,1,1,7,7,6,6,6
47662,4,4,4,4,4,4,5,5,15,15,15,16,15,15,17,17,16,16,16
48025,10,9,9,17,9,9,21,19,219,191,187,305,201,205,393,347,275,217,212
48262,26,24,24,26,24,24,32,29,206,199,197,209,197,199,240,233,223,212,212
48277,0,0,0,0,0,0,0,0,6,6,6,6,6,6,6,6,4,4,4
48352,4,4,4,4,4,4,4,4,60,59,57,66,57,59,71,70,86,76,76
48919,1,1,1,2,1,1,2,2,3,3,3,3,3,3,3,3,3,3,3
49540,2,2,2,3,2,2,4,4,18,18,16,17,16,18,22,22,2,2,2
49573,3,3,3,3,3,3,3,3,176,173,168,221,168,173,277,269,199,199,193
49612,0,0,0,0,0,0,0,0,2,2,2,3,2,2,4,4,8,8,8
49732,0,0,0,0,0,0,0,0,3,1,1,1,1,1,3,1,0,0,0
49885,3,3,3,5,3,3,5,5,13,13,13,14,13,13,16,16,14,11,11
50374,2,2,2,2,2,2,2,2,14,14,14,14,14,14,14,14,10,10,10
50389,3,2,2,2,2,2,3,2,22,18,17,20,17,18,38,30,15,14,14
50470,0,0,0,0,0,0,0,0,1,1,1,1,1,1,1,1,0,0,0
50485,2,2,2,2,2,2,2,2,8,8,7,8,7,8,9,9,14,14,14
50887,47,46,45,70,45,46,82,81,359,351,349,481,349,351,564,553,262,256,252
51007,0,0,0,0,0,0,0,0,1,1,1,1,1,1,1,1,1,1,1
51262,0,0,0,1,0,0,1,1,10,10,10,23,13,13,35,35,13,13,13
51316,0,0,0,0,0,0,0,0,5,5,5,6,5,5,6,6,0,0,0
51346,7,7,7,9,7,7,10,10,128,126,123,148,130,133,164,162,74,74,71
51412,0,0,0,0,0,0,0,0,3,3,3,3,3,3,3,3,3,3,3
52372,0,0,0,0,0,0,0,0,5,5,5,5,5,5,5,5,2,2,2
52381,0,0,0,0,0,0,0,0,32,32,32,32,32,32,39,38,60,60,60
52564,1,1,1,1,1,1,1,1,8,8,8,20,17,17,21,21,2,2,2
52645,0,0,0,0,0,0,0,0,1,1,1,1,1,1,1,1,0,0,0
52678,7,4,4,4,4,4,7,4,6,6,6,6,6,6,6,6,9,9,9
52711,1,1,1,1,1,1,1,1,5,4,4,11,4,4,12,11,2,2,2
53110,2,2,2,2,2,2,2,2,3,3,3,3,3,3,3,3,0,0,0
53116,0,0,0,1,0,0,1,1,1,1,1,2,1,1,2,2,7,6,6
53140,0,0,0,0,0,0,0,0,1,1,1,1,1,1,1,1,0,0,0
53350,0,0,0,0,0,0,0,0,9,9,9,12,9,9,13,13,10,10,10
53446,0,0,0,0,0,0,0,0,31,31,31,38,31,31,40,40,1,1,1
53830,0,0,0,0,0,0,0,0,1,1,1,1,1,1,1,1,2,2,2
54388,13,13,11,15,11,13,19,19,71,70,69,82,69,70,99,96,72,72,70
54469,0,0,0,0,0,0,0,0,1,1,1,1,1,1,1,1,0,0,0
54511,0,0,0,0,0,0,0,0,3,3,3,3,3,3,3,3,2,2,2
54661,1,1,1,1,1,1,1,1,1,1,1,1,1,1,1,1,1,1,1
54688,1,1,1,1,1,1,1,1,9,7,7,7,7,7,11,10,5,5,5
54717,11,11,11,11,11,11,11,11,68,59,58,63,58,59,84,74,63,59,58
54732,5,5,5,5,5,5,5,5,60,58,57,58,57,58,61,59,34,34,34
54781,3,2,2,2,2,2,3,2,6,6,6,6,6,6,6,6,2,2,2
54790,0,0,0,0,0,0,0,0,8,8,8,11,8,8,12,12,7,6,6
54886,0,0,0,0,0,0,0,0,1,1,1,2,1,1,3,3,0,0,0
55159,1,1,1,1,1,1,1,1,6,6,6,16,15,15,23,23,6,6,5
55303,24,24,23,56,37,38,70,69,233,229,225,373,251,255,453,442,193,191,186
55318,0,0,0,0,0,0,0,0,4,4,3,4,3,4,5,5,2,2,2
55591,1,1,1,1,1,1,1,1,6,6,6,6,6,6,6,6,4,4,4
55608,22,9,7,8,7,9,30,12,65,53,51,55,51,53,73,61,67,64,64
55750,0,0,0,0,0,0,0,0,6,5,5,5,5,5,6,5,3,3,3
55948,0,0,0,0,0,0,0,0,1,1,1,1,1,1,1,1,0,0,0
55957,0,0,0,0,0,0,0,0,3,3,3,3,3,3,3,3,8,8,8
55966,12,12,12,15,12,12,16,16,127,125,125,141,125,125,151,149,148,148,147
55981,0,0,0,0,0,0,0,0,2,2,2,2,2,2,2,2,1,1,1
55996,1,1,1,1,1,1,2,2,0,0,0,0,0,0,0,0,0,0,0
56212,3,3,3,3,3,3,3,3,10,10,10,10,10,10,11,11,4,4,4
56647,0,0,0,0,0,0,0,0,2,2,2,1,2,2,1,1,2,2,2
56764,2,1,1,1,1,1,2,1,3,3,3,4,3,3,5,5,0,0,0
56797,0,0,0,0,0,0,0,0,1,1,1,1,1,1,1,1,0,0,0
56806,0,0,0,0,0,0,0,0,3,3,3,3,3,3,3,3,1,1,1
56821,0,0,0,0,0,0,0,0,3,3,3,5,3,3,5,5,0,0,0
56845,0,0,0,0,0,0,0,0,2,2,2,2,2,2,4,3,0,0,0
57079,0,0,0,0,0,0,0,0,3,1,1,3,1,1,5,3,0,0,0
57268,0,0,0,1,0,0,1,1,5,5,5,7,5,5,9,9,2,2,2
57271,1,1,1,1,1,1,1,1,1,1,1,1,1,1,1,1,0,0,0
57274,12,12,12,15,12,12,16,16,67,65,63,87,73,75,102,100,78,78,78
57316,1,1,1,1,1,1,1,1,14,14,14,15,14,14,15,15,5,5,5
57493,0,0,0,0,0,0,0,0,2,2,2,2,2,2,3,3,2,2,2
57886,2,2,2,2,2,2,2,2,75,74,74,79,74,74,84,83,83,82,78
57943,1,1,1,1,1,1,1,1,2,2,2,3,2,2,3,3,1,1,1
57997,0,0,0,0,0,0,0,0,2,2,2,2,2,2,2,2,2,2,2
58119,99,99,94,109,94,99,126,126,697,669,644,810,644,669,973,935,808,795,766
58366,0,0,0,0,0,0,0,0,2,2,2,2,2,2,2,2,0,0,0
58372,0,0,0,2,0,0,2,2,3,3,3,4,3,3,4,4,3,3,3
58399,3,3,3,3,3,3,3,3,10,10,10,14,10,10,17,17,5,5,5
58444,0,0,0,1,0,0,1,1,6,5,5,5,5,5,8,6,2,2,2
58462,0,0,0,1,0,0,1,1,7,7,7,8,7,7,11,11,5,5,5
58552,55,55,53,75,54,56,91,91,362,355,326,458,373,402,595,587,198,197,171
58630,1,1,1,1,1,1,1,1,1,1,1,1,1,1,1,1,3,3,2
58959,27,24,24,28,24,24,32,29,164,147,144,171,144,147,228,196,174,136,135
59311,0,0,0,0,0,0,0,0,6,6,6,6,6,6,6,6,2,2,2
59548,0,0,0,0,0,0,0,0,1,1,1,1,1,1,1,1,0,0,0
59590,0,0,0,0,0,0,0,0,3,3,3,3,3,3,4,4,2,2,2
59596,4,4,4,6,4,4,8,8,130,120,117,135,117,120,183,159,46,46,46
59740,0,0,0,0,0,0,0,0,2,2,2,2,2,2,2,2,1,1,1
60061,0,0,0,0,0,0,0,0,1,1,1,1,1,1,1,1,0,0,0
60096,3,3,3,6,3,3,7,7,28,28,27,36,27,28,41,41,13,13,12
60109,10,10,10,11,10,10,12,12,38,38,38,40,38,38,52,52,42,42,41
60133,1,1,1,1,1,1,1,1,3,3,3,4,3,3,4,4,5,5,5
60163,5,5,5,6,5,5,6,6,49,49,48,57,48,49,64,64,26,26,26
60358,0,0,0,0,0,0,0,0,1,1,1,1,1,1,1,1,0,0,0
60364,0,0,0,0,0,0,0,0,2,2,2,2,2,2,2,2,2,2,2
60382,0,0,0,0,0,0,0,0,1,1,1,1,1,1,1,1,3,3,3
60391,1,1,1,1,1,1,1,1,7,6,6,7,6,6,10,9,4,4,4
60604,1,1,1,1,1,1,1,1,6,6,6,7,6,6,7,7,5,5,5
61102,0,0,0,0,0,0,0,0,2,2,2,2,2,2,2,2,1,1,1
61143,16,16,16,21,16,16,23,22,102,97,97,114,97,97,137,129,132,130,128
61285,29,29,29,31,29,29,31,31,181,176,168,192,168,176,242,234,185,175,138
61294,0,0,0,0,0,0,0,0,3,3,3,3,3,3,3,3,4,4,4
61390,1,1,1,0,1,1,0,0,3,3,2,3,2,3,4,4,7,7,7
61540,1,1,1,1,1,1,1,1,1,1,1,1,1,1,1,1,5,3,3
61558,0,0,0,0,0,0,0,0,1,1,1,1,1,1,1,1,1,1,1
61561,21,19,17,20,17,19,31,29,278,268,255,366,255,268,469,458,255,248,234
61695,3,3,3,3,3,3,3,3,34,33,33,39,33,33,47,46,25,25,23
62127,4,4,4,8,4,4,11,11,22,22,22,24,22,22,31,31,24,24,23
62431,6,4,4,5,4,4,6,6,161,130,123,166,123,130,224,195,100,96,93
62479,0,0,0,0,0,0,0,0,2,2,2,2,2,2,4,4,2,2,2
62502,5,5,5,13,5,5,15,15,48,48,47,66,50,51,75,75,34,34,34
62623,1,1,1,1,1,1,1,1,4,4,4,6,4,4,6,6,3,3,3
62940,2,2,2,3,2,2,3,3,14,14,14,16,14,14,19,19,12,12,12
62964,15,15,15,22,15,15,23,23,215,215,184,253,184,215,329,328,210,209,180
63408,12,12,12,15,12,12,19,19,68,58,57,74,57,58,101,91,60,57,52
63547,5,5,5,9,5,5,9,9,78,78,78,86,78,78,89,89,31,30,30
63589,0,0,0,0,0,0,0,0,2,2,2,2,2,2,2,2,2,2,2
63652,1,1,1,1,1,1,1,1,8,8,8,24,20,20,31,31,8,8,8
63670,0,0,0,0,0,0,0,0,2,2,2,2,2,2,2,2,1,1,1
63718,0,0,0,0,0,0,0,0,5,5,5,5,5,5,5,5,2,2,2
63922,1,1,1,9,1,1,9,9,35,34,32,58,32,34,70,68,33,32,32
64381,28,27,27,30,27,27,34,32,966,830,815,1423,815,830,1841,1637,323,299,295
64477,1,1,1,1,1,1,1,1,2,2,2,2,2,2,2,2,1,1,1
64768,1,1,1,2,2,2,2,2,3,3,3,18,17,17,21,21,8,8,8
64948,0,0,0,0,0,0,0,0,1,1,1,1,1,1,1,1,0,0,0
65023,0,0,0,0,0,0,0,0,1,1,1,1,1,1,1,1,0,0,0
65236,0,0,0,0,0,0,0,0,3,3,3,3,3,3,3,3,1,1,1
65271,15,14,13,14,13,14,16,15,249,249,247,264,247,249,283,282,70,69,67
65476,2,2,2,3,2,2,6,5,1,1,1,5,5,5,5,5,1,1,1
65479,4,4,4,4,4,4,4,4,20,16,16,17,16,16,23,19,12,12,11
65494,0,0,0,0,0,0,0,0,6,6,6,6,6,6,7,7,6,6,6
65517,8,8,6,6,6,8,8,8,28,28,28,32,28,28,39,36,33,31,30
65551,5,5,5,6,5,5,6,6,33,33,32,33,32,33,35,35,16,16,16
65560,0,0,0,0,0,0,0,0,1,1,1,1,1,1,1,1,1,1,1
65567,5,5,5,6,5,5,8,8,28,28,28,33,28,28,35,35,32,32,32
65578,22,21,20,20,20,21,23,22,115,101,100,109,100,101,136,121,152,146,145
65593,1,1,1,1,1,1,1,1,7,7,7,9,7,7,10,10,3,3,3
65713,6,6,6,7,6,6,9,9,73,72,72,78,72,72,87,86,68,67,66
65836,0,0,0,0,0,0,0,0,1,1,1,1,1,1,1,1,2,2,2
66220,1,1,1,2,1,1,2,2,5,5,5,6,5,5,6,6,5,5,5
66811,0,0,0,0,0,0,0,0,9,9,9,9,9,9,10,10,4,4,4
67435,0,0,0,0,0,0,0,0,8,6,6,7,6,6,9,7,16,14,14
67936,1,1,1,1,1,1,1,1,12,12,10,11,10,12,13,13,11,11,11
68077,1,1,1,1,1,1,1,1,10,10,10,13,10,10,14,14,13,13,13
68377,2,2,2,2,2,2,2,2,23,21,21,22,21,21,25,23,27,26,26
68440,6,6,5,7,5,6,8,8,43,43,43,51,43,43,56,56,28,28,28
68795,21,21,21,21,21,21,23,23,110,109,109,118,109,109,128,127,116,116,116
69106,23,23,23,26,23,23,28,28,130,128,127,155,135,136,173,170,70,69,67
69115,2,1,1,1,1,1,2,1,4,2,2,2,2,2,4,2,3,2,2
70012,0,0,0,0,0,0,0,0,1,1,1,1,1,1,1,1,0,0,0
70120,0,0,0,0,0,0,0,0,1,1,1,1,1,1,2,1,2,2,2
70270,0,0,0,0,0,0,0,0,1,1,1,1,1,1,1,1,0,0,0
70444,0,0,0,0,0,0,0,0,2,2,2,2,2,2,4,4,0,0,0
70474,0,0,0,0,0,0,0,0,1,1,1,1,1,1,1,1,0,0,0
70490,13,12,12,12,12,12,14,13,89,71,71,72,71,71,102,75,100,80,80
70522,0,0,0,0,0,0,0,0,2,2,2,2,2,2,2,2,1,1,1
70588,1,1,1,1,1,1,1,1,13,13,13,15,13,13,16,16,11,11,11
70600,0,0,0,0,0,0,0,0,6,6,6,6,6,6,7,7,5,5,5
70810,0,0,0,0,0,0,0,0,4,3,3,3,3,3,4,3,4,3,3
71005,1,1,1,1,1,1,1,1,6,6,6,16,13,14,18,18,14,14,14
71152,6,6,6,4,6,6,4,4,32,31,31,44,31,31,49,48,21,21,20
71275,4,1,1,1,1,1,4,1,2,2,2,2,2,2,3,3,7,2,2
71356,0,0,0,1,0,0,1,1,15,15,14,14,14,15,16,16,19,19,19
71389,1,1,1,1,1,1,1,1,1,1,1,2,1,1,2,2,0,0,0
71449,0,0,0,0,0,0,0,0,7,5,5,6,5,5,8,6,0,0,0
71933,13,13,12,20,12,13,24,24,132,122,118,161,118,122,198,187,78,74,73
71947,2,2,2,2,2,2,2,2,4,4,4,5,4,4,5,5,8,8,7
72136,1,1,1,2,1,1,2,2,21,21,21,21,21,21,25,25,17,17,17
72667,0,0,0,1,0,0,1,1,2,2,2,3,2,2,3,3,4,2,2
72952,0,0,0,0,0,0,0,0,2,2,2,2,2,2,2,2,1,1,1
73342,0,0,0,0,0,0,0,0,1,1,1,1,1,1,1,1,0,0,0
73432,0,0,0,0,0,0,0,0,5,5,5,5,5,5,7,7,2,2,2
73531,0,0,0,0,0,0,0,0,2,2,2,2,2,2,2,2,5,5,5
73768,4,4,4,5,4,4,5,5,59,58,57,77,57,58,97,95,65,65,64
74215,52,40,37,57,37,40,94,68,227,174,164,433,343,362,703,545,412,301,289
74479,4,4,4,5,4,4,8,8,64,62,62,67,62,62,82,78,91,71,70
74794,0,0,0,0,0,0,0,0,4,4,4,4,4,4,4,4,0,0,0
75388,1,1,1,2,1,1,2,2,9,9,9,11,9,9,11,11,11,9,9
75706,0,0,0,0,0,0,0,0,2,1,1,1,1,1,4,2,6,5,5
75742,0,0,0,0,0,0,0,0,8,8,8,13,10,10,16,16,5,5,5
75871,10,10,10,11,10,10,13,13,169,169,168,190,168,169,213,213,43,43,43
75949,0,0,0,0,0,0,0,0,2,2,2,2,2,2,2,2,2,2,2
76231,4,4,4,5,4,4,6,6,29,29,27,48,36,39,60,60,20,20,20
76240,7,7,7,11,7,7,14,14,15,15,15,109,94,98,131,130,26,25,25
77017,0,0,0,0,0,0,0,0,1,1,1,1,1,1,1,1,0,0,0
77161,3,3,3,3,3,3,3,3,25,25,25,25,25,25,27,27,10,10,10
77290,0,0,0,0,0,0,0,0,1,1,1,2,1,1,2,2,6,6,6
77314,6,6,6,7,6,6,8,8,32,32,32,32,32,32,41,41,5,5,5
77360,5,5,5,5,5,5,5,5,42,38,36,41,36,38,54,48,40,33,33
77419,2,2,2,2,2,2,2,2,7,7,7,7,7,7,7,7,7,7,7
78286,1,1,1,1,1,1,1,1,1,1,1,1,1,1,1,1,0,0,0
78346,28,27,26,32,26,27,36,36,241,225,214,288,214,225,366,338,80,56,54
78349,0,0,0,0,0,0,0,0,1,1,1,1,1,1,1,1,0,0,0
78365,13,13,13,15,13,13,15,15,530,530,528,553,528,530,588,588,683,683,681
78472,0,0,0,0,0,0,0,0,1,1,1,1,1,1,1,1,0,0,0
78476,21,21,21,22,21,21,24,24,143,137,137,137,137,137,150,140,83,82,81
78541,2,2,2,1,2,2,1,1,16,10,10,12,10,10,24,15,0,0,0
78958,0,0,0,0,0,0,0,0,3,3,3,5,3,3,5,5,1,1,1
79018,0,0,0,0,0,0,0,0,7,7,7,7,7,7,7,7,17,17,17
79066,1,1,1,1,1,1,1,1,4,4,4,3,4,4,3,3,2,2,2
79132,0,0,0,0,0,0,0,0,12,12,12,12,12,12,12,12,6,6,6
79192,3,3,3,3,3,3,3,3,33,32,32,32,32,32,33,32,22,20,20
79276,1,1,1,1,1,1,1,1,0,0,0,0,0,0,0,0,0,0,0
79531,2,2,2,2,2,2,2,2,12,12,12,14,12,12,14,14,17,17,17
79645,0,0,0,0,0,0,0,0,5,4,4,7,4,4,9,8,1,1,1
79996,1,1,1,1,1,1,1,1,4,4,4,5,4,4,5,5,6,6,6
80062,5,4,4,4,4,4,5,4,32,29,26,31,26,29,43,35,44,42,42
80078,3,3,3,3,3,3,5,5,30,30,30,32,30,30,36,36,20,20,20
80251,0,0,0,0,0,0,0,0,2,2,2,2,2,2,2,2,0,0,0
80528,4,4,4,111,77,81,131,130,72,55,33,38,33,55,92,74,32,31,29
80575,0,0,0,0,0,0,0,0,2,2,2,5,2,2,10,7,1,1,1
80611,18,18,17,20,17,18,31,30,172,171,169,184,169,171,205,204,161,161,160
80665,2,2,2,2,2,2,4,4,9,9,9,9,9,9,10,10,3,3,3
80701,1,1,1,1,1,1,1,1,2,2,2,4,2,2,4,4,2,2,2
81034,1,1,1,1,1,1,1,1,1,1,1,1,1,1,1,1,1,1,1
81145,0,0,0,0,0,0,0,0,1,1,1,1,1,1,1,1,2,2,2
81196,0,0,0,0,0,0,0,0,1,1,1,1,1,1,1,1,2,2,2
81229,0,0,0,0,0,0,0,0,2,2,2,2,2,2,2,2,0,0,0
81244,3,3,3,3,3,3,4,4,12,12,11,34,30,31,37,37,8,8,8
81343,3,3,3,3,3,3,3,3,32,28,27,27,27,28,33,29,44,38,38
81356,8,8,8,10,8,8,10,10,73,69,69,74,69,69,85,79,78,78,76
81358,0,0,0,0,0,0,0,0,2,2,2,2,2,2,2,2,1,1,1
81466,2,2,2,2,2,2,2,2,12,9,9,14,9,9,19,16,9,9,9
81520,5,5,5,5,5,5,5,5,35,30,30,32,30,30,45,36,46,41,41
82025,3,3,3,4,3,3,4,4,39,39,39,57,39,39,66,66,73,71,69
82105,1,1,1,1,1,1,1,1,1,1,1,1,1,1,1,1,6,6,6
82606,7,7,7,8,7,7,8,8,39,34,34,39,34,34,45,40,22,22,22
82840,1,1,1,1,1,1,1,1,5,5,5,6,5,5,6,6,5,5,5
82846,1,1,1,1,1,1,1,1,12,11,11,13,11,11,16,13,9,9,9
82894,0,0,0,1,0,0,1,1,6,6,6,9,6,6,9,9,0,0,0
83405,10,10,10,11,10,10,11,11,41,41,41,47,41,41,50,50,59,59,59
83563,0,0,0,0,0,0,0,0,1,1,1,1,1,1,1,1,1,1,1
83671,16,9,9,11,9,9,19,12,72,69,69,74,69,69,83,79,167,69,68
84556,0,0,0,0,0,0,0,0,1,1,1,1,1,1,1,1,0,0,0
84586,0,0,0,0,0,0,0,0,3,3,3,3,3,3,3,3,0,0,0
84634,1,1,1,1,1,1,1,1,5,5,5,5,5,5,5,5,11,11,11
84763,0,0,0,0,0,0,0,0,2,2,2,2,2,2,2,2,0,0,0
84811,1,1,1,1,1,1,1,1,10,10,10,11,10,10,13,13,13,13,12
84923,18,18,18,25,18,18,27,27,198,194,190,223,190,194,271,267,182,182,175
84988,1,1,1,1,1,1,2,2,3,3,3,5,3,3,5,5,0,0,0
85177,0,0,0,0,0,0,0,0,1,1,1,1,1,1,1,1,1,1,1
85291,1,1,1,1,1,1,1,1,4,4,4,4,4,4,4,4,2,2,2
85339,1,1,1,1,1,1,1,1,6,6,6,6,6,6,6,6,6,6,6
85567,3,3,3,3,3,3,3,3,11,9,9,10,9,9,12,10,12,12,12
85852,0,0,0,0,0,0,0,0,1,1,1,1,1,1,1,1,0,0,0
86122,1,1,1,1,1,1,1,1,5,5,5,6,5,5,6,6,7,7,7
86153,4,4,4,7,4,4,9,7,26,20,20,66,50,51,90,79,58,51,47
86218,3,3,3,3,3,3,3,3,18,18,17,21,17,18,22,22,6,6,6
86311,5,5,5,10,5,5,11,11,58,56,55,63,55,56,76,74,104,90,85
86377,1,1,1,1,1,1,1,1,11,11,11,11,11,11,11,11,30,30,29
86953,0,0,0,0,0,0,0,0,1,1,1,1,1,1,1,1,0,0,0
87064,1,1,1,1,1,1,1,1,1,1,1,2,1,1,3,3,0,0,0
87067,0,0,0,0,0,0,0,0,1,1,1,1,1,1,1,1,0,0,0
87082,0,0,0,0,0,0,0,0,3,3,3,4,3,3,5,4,3,3,3
87181,0,0,0,0,0,0,0,0,5,2,2,2,2,2,5,2,0,0,0
87277,7,7,7,8,7,7,9,9,38,38,38,40,38,38,42,42,31,31,31
88120,1,1,1,2,1,1,2,2,5,5,5,5,5,5,5,5,10,10,10
88432,0,0,0,0,0,0,0,0,1,1,1,1,1,1,1,1,0,0,0
88489,0,0,0,0,0,0,0,0,2,2,2,7,5,5,9,9,0,0,0
88831,0,0,0,0,0,0,0,0,1,1,1,2,1,1,2,2,1,1,1
88888,0,0,0,0,0,0,0,0,2,2,2,2,2,2,2,2,1,1,1
88924,0,0,0,0,0,0,0,0,3,3,3,4,3,3,5,5,1,1,1
88969,1,1,1,1,1,1,1,1,1,1,1,1,1,1,2,2,0,0,0
89009,6,6,6,7,6,6,7,7,53,53,51,61,51,53,66,66,25,25,25
89185,0,0,0,167,155,157,193,193,125,124,123,133,123,124,141,140,206,204,203
89257,0,0,0,0,0,0,0,0,5,3,3,4,3,3,6,4,1,1,1
89362,8,8,8,8,8,8,8,8,60,60,60,62,60,60,69,69,71,68,67
90367,0,0,0,1,0,0,1,1,5,5,5,5,5,5,5,5,6,6,6
90545,35,35,35,38,35,35,39,39,246,235,232,241,232,235,275,263,236,236,234
90619,0,0,0,0,0,0,0,0,5,5,5,7,5,5,8,8,3,3,3
90904,0,0,0,0,0,0,0,0,2,2,2,2,2,2,2,2,3,3,3
91007,16,16,16,19,16,16,20,20,94,91,88,103,88,91,124,121,36,36,36
91183,3,3,3,3,3,3,5,5,35,31,31,34,31,31,43,39,10,10,10
91226,5,5,4,4,4,5,5,5,39,39,39,116,107,107,137,133,13,13,13
91261,1,1,1,1,1,1,1,1,6,6,6,7,6,6,7,7,5,5,5
91291,0,0,0,0,0,0,0,0,1,1,1,1,1,1,1,1,1,1,1
91402,1,1,1,1,1,1,1,1,6,5,5,5,5,5,6,5,4,4,4
91405,0,0,0,0,0,0,0,0,1,1,1,1,1,1,1,1,0,0,0
91804,1,1,1,1,1,1,1,1,2,2,2,3,2,2,3,3,8,8,8
92098,2,2,2,7,2,2,7,7,32,27,27,34,27,27,43,38,33,31,31
92137,1,1,1,2,1,1,2,2,0,0,0,0,0,0,0,0,0,0,0
92188,0,0,0,0,0,0,0,0,19,15,13,17,13,15,29,21,33,29,29
92314,2,2,2,2,2,2,2,2,3,3,3,4,3,3,4,4,12,12,12
92536,1,1,1,2,1,1,2,2,5,5,5,7,5,5,7,7,5,5,5
92542,1,1,1,1,1,1,1,1,7,7,6,6,6,7,6,6,2,2,2
92827,0,0,0,0,0,0,0,0,19,19,19,9,19,19,9,9,1,1,1
92873,19,19,19,23,19,19,29,29,151,151,147,173,147,151,210,208,52,49,47
93019,2,2,2,2,2,2,2,2,10,10,10,10,10,10,11,11,7,7,7
93115,0,0,0,0,0,0,0,0,2,2,2,3,2,2,3,3,12,12,12
93187,3,3,3,3,3,3,3,3,31,31,31,34,31,31,38,38,34,34,34
93808,4,4,4,5,4,4,6,6,42,42,42,46,42,42,48,48,35,35,35
93881,7,7,7,9,7,7,9,9,127,99,97,146,97,99,235,177,70,62,60
94046,8,8,7,8,7,8,9,9,39,39,37,56,37,39,65,65,25,25,23
94087,14,14,14,13,14,14,13,13,159,155,154,179,154,155,219,215,132,132,131
94156,123,123,122,154,122,123,174,173,870,863,858,956,858,863,1077,1065,930,923,917
94171,0,0,0,0,0,0,0,0,3,3,3,4,3,3,4,4,2,2,2
94193,45,44,43,53,43,44,59,58,171,154,153,183,157,158,236,208,154,128,123
94366,4,3,3,3,3,3,4,3,3,3,3,4,3,3,4,4,8,8,8
94414,0,0,0,0,0,0,0,0,1,1,1,3,1,1,3,3,5,5,5
94666,1,1,1,1,1,1,2,2,5,5,5,5,5,5,7,7,0,0,0
95722,0,0,0,0,0,0,0,0,5,5,4,4,4,5,5,5,0,0,0
96025,0,0,0,0,0,0,0,0,1,1,1,1,1,1,1,1,0,0,0
96223,4,4,4,5,4,4,8,8,45,43,43,49,43,43,57,54,38,38,37
96283,3,3,3,3,3,3,3,3,13,12,12,13,12,12,15,14,16,16,15
96460,1,1,1,1,1,1,1,1,3,3,3,20,16,18,24,24,16,16,16
96526,1,1,1,1,1,1,1,1,9,9,9,9,9,9,9,9,8,8,8
96586,1,1,1,1,1,1,1,1,6,6,6,7,6,6,7,7,6,6,6
96688,1,1,1,1,1,1,1,1,3,3,3,3,3,3,3,3,2,2,2
97672,5,5,5,6,5,5,7,7,30,28,28,126,94,97,160,158,57,57,57
97819,10,10,10,15,10,10,20,20,87,86,86,94,86,86,112,109,90,90,90
97900,8,8,8,9,8,8,9,9,16,15,15,15,15,15,17,16,14,13,13
99019,16,16,16,17,16,16,18,18,81,76,73,80,73,76,106,95,76,71,71
99049,0,0,0,0,0,0,0,0,2,2,2,3,2,2,4,4,14,3,3
99211,0,0,0,0,0,0,0,0,1,1,1,1,1,1,1,1,1,1,1
99376,9,6,6,6,6,6,9,6,42,41,41,48,41,41,55,54,40,34,34
99577,2,2,2,2,2,2,2,2,7,7,7,7,7,7,8,7,5,5,5
99706,0,0,0,0,0,0,0,0,3,3,3,3,3,3,3,3,0,0,0
99802,5,5,5,6,5,5,6,6,63,54,54,57,54,54,71,63,106,101,100
99904,10,8,8,8,8,8,15,13,49,48,48,55,48,48,76,75,37,34,33
99920,1,1,1,3,1,1,3,3,58,57,56,81,56,57,107,106,118,99,96
100015,0,0,0,0,0,0,0,0,3,3,3,4,3,3,4,4,1,1,1
100060,0,0,0,0,0,0,0,0,1,1,1,1,1,1,1,1,0,0,0
100126,0,0,0,0,0,0,0,0,5,5,5,5,5,5,7,7,3,3,3
100267,1,1,1,1,1,1,2,2,9,9,9,10,9,9,10,10,5,5,5
100840,0,0,0,0,0,0,0,0,1,1,1,1,1,1,2,2,3,3,3
101615,25,25,25,28,25,25,35,35,145,144,141,177,151,154,219,217,46,46,46
101896,0,0,0,0,0,0,0,0,1,1,1,1,1,1,1,1,0,0,0
102094,2,2,2,2,2,2,2,2,3,3,3,3,3,3,3,3,11,11,11
102362,7,7,7,8,7,7,8,8,67,66,66,78,66,66,90,89,60,59,58
102476,15,15,15,20,15,15,27,27,53,53,52,87,73,74,103,103,9,9,9
102478,0,0,0,0,0,0,0,0,11,11,11,11,11,11,12,12,4,4,4
102811,1,1,1,1,1,1,1,1,7,6,6,8,6,6,9,8,5,5,5
102955,8,7,7,8,7,7,11,10,140,93,78,89,78,93,195,118,62,51,48
103184,7,6,6,6,6,6,8,7,26,26,25,31,25,26,41,41,74,52,50
103198,0,0,0,0,0,0,0,0,2,2,2,1,2,2,1,1,3,3,3
103261,0,0,0,0,0,0,0,0,5,5,5,5,5,5,5,5,4,4,4
103267,13,13,13,16,13,13,17,17,145,111,111,115,111,111,183,125,77,73,73
103330,1,1,1,1,1,1,1,1,93,93,93,96,93,93,99,99,111,111,110
103390,1,1,1,1,1,1,1,1,26,26,23,33,23,26,43,43,16,16,16
103580,27,26,25,27,25,26,31,29,154,146,146,157,146,146,175,164,212,200,199
103675,1,1,1,1,1,1,1,1,3,3,3,9,3,3,10,10,3,3,3
103855,1,1,1,1,1,1,1,1,4,4,4,4,4,4,4,4,8,6,6
104536,0,0,0,0,0,0,0,0,1,1,1,1,1,1,1,1,2,2,2
104764,0,0,0,1,0,0,2,2,3,3,3,5,4,4,5,5,4,4,4
104776,0,0,0,0,0,0,0,0,3,3,3,3,3,3,4,4,0,0,0
104800,2,2,2,3,2,2,4,3,19,19,19,19,19,19,22,22,15,15,15
104848,1,1,1,1,1,1,1,1,6,6,6,7,6,6,7,7,4,4,4
104890,0,0,0,0,0,0,0,0,1,1,1,2,1,1,2,2,0,0,0
105301,1,1,1,1,1,1,1,1,14,14,14,15,14,14,17,16,72,64,64
105436,0,0,0,0,0,0,0,0,1,1,1,1,1,1,1,1,3,3,3
105562,0,0,0,0,0,0,0,0,2,2,2,2,2,2,2,2,0,0,0
105613,1,1,1,1,1,1,1,1,0,0,0,0,0,0,0,0,1,1,1
105784,3,3,3,3,3,3,3,3,10,10,10,10,10,10,11,11,6,6,6
105802,1,1,1,1,1,1,1,1,1,1,1,1,1,1,1,1,0,0,0
105865,3,2,2,3,2,2,4,3,7,7,7,8,7,7,8,8,11,11,11
105932,5,4,4,6,4,4,7,6,39,38,38,41,38,38,46,45,21,21,21
106057,0,0,0,0,0,0,0,0,3,3,3,3,3,3,3,3,0,0,0
106249,0,0,0,1,0,0,1,1,3,3,2,2,2,3,3,3,0,0,0
106363,1,1,1,9,6,6,12,12,16,16,16,140,113,119,164,161,23,22,22
106634,7,7,7,8,7,7,9,9,48,45,44,47,44,45,56,53,54,52,52
106702,1,1,1,0,1,1,0,0,4,4,4,5,4,4,5,5,21,19,9
106714,0,0,0,0,0,0,0,0,28,15,7,10,7,15,37,24,1,1,1
107245,1,1,1,1,1,1,2,2,9,9,9,9,9,9,14,14,21,15,15
107446,8,7,7,12,7,7,16,15,67,52,50,71,50,52,117,82,69,59,56
107567,23,18,18,23,18,18,33,27,92,72,71,112,71,72,151,127,51,45,44
107578,4,4,4,5,4,4,5,5,41,41,40,43,40,41,47,47,17,17,17
107596,1,1,1,1,1,1,1,1,1,1,1,1,1,1,1,1,1,1,1
108124,0,0,0,0,0,0,0,0,1,1,1,1,1,1,1,1,6,5,5
108265,1,1,1,1,1,1,1,1,4,4,4,4,4,4,5,5,4,4,4
108475,1,1,1,1,1,1,1,1,1,1,1,2,1,1,2,2,2,2,2
108874,0,0,0,0,0,0,0,0,4,4,4,4,4,4,4,4,3,3,3
108958,2,2,2,4,2,2,6,6,25,25,24,26,24,25,32,32,14,14,14
109129,1,1,1,1,1,1,1,1,15,14,14,17,14,14,20,19,7,7,7
109213,0,0,0,0,0,0,0,0,2,2,2,2,2,2,4,4,3,3,3
109336,0,0,0,0,0,0,0,0,1,1,1,1,1,1,1,1,0,0,0
109387,0,0,0,0,0,0,0,0,2,2,2,3,2,2,3,3,3,2,2
109390,1,1,1,2,1,1,2,2,1,1,1,2,1,1,2,2,7,4,4
109532,7,6,5,6,5,6,9,8,197,197,24,27,24,197,210,210,203,200,20
109771,9,9,9,10,9,9,11,11,28,28,28,34,28,28,43,43,14,14,14
109945,3,3,3,4,3,3,4,4,22,22,20,61,34,36,82,82,13,12,12
110617,0,0,0,0,0,0,0,0,1,1,1,1,1,1,1,1,0,0,0
110680,0,0,0,0,0,0,0,0,1,1,1,1,1,1,1,1,0,0,0
110906,15,14,14,15,14,14,18,17,78,78,78,86,78,78,94,94,63,59,59
111017,3,3,3,3,3,3,3,3,24,24,24,26,24,24,26,26,20,20,20
111401,12,12,12,15,12,12,16,15,78,75,75,92,75,75,110,107,85,84,83
111406,0,0,0,0,0,0,0,0,8,8,8,8,8,8,8,8,8,8,8
111931,0,0,0,0,0,0,0,0,1,1,1,1,1,1,1,1,2,2,2
111949,0,0,0,0,0,0,0,0,4,4,4,4,4,4,4,4,0,0,0
111964,2,2,2,3,2,2,4,4,18,18,8,9,8,18,20,20,4,4,4
112381,1,1,1,1,1,1,1,1,2,2,2,2,2,2,2,2,1,1,1
112540,1,1,1,1,1,1,1,1,4,4,4,5,4,4,6,6,1,1,1
112600,0,0,0,0,0,0,0,0,2,2,2,2,2,2,3,3,0,0,0
112729,0,0,0,0,0,0,0,0,2,2,2,4,2,2,5,5,2,2,2
113035,0,0,0,0,0,0,0,0,1,1,1,1,1,1,1,1,0,0,0
113161,0,0,0,0,0,0,0,0,2,2,2,2,2,2,2,2,1,1,1
113209,0,0,0,0,0,0,0,0,1,1,1,1,1,1,1,1,0,0,0
113242,0,0,0,0,0,0,0,0,6,6,6,6,6,6,6,6,7,7,7
113275,4,3,3,3,3,3,4,3,4,4,4,6,4,4,6,6,2,2,2
113293,3,3,3,3,3,3,4,4,44,43,43,52,43,43,59,58,48,48,48
113308,2,2,2,2,2,2,2,2,0,0,0,0,0,0,0,0,1,1,1
113389,9,9,9,9,9,9,9,9,39,39,39,45,39,39,50,50,29,29,29
113404,0,0,0,0,0,0,0,0,1,1,1,1,1,1,1,1,0,0,0
113465,23,23,22,28,22,23,32,32,218,217,209,258,209,217,300,295,306,286,281
113881,0,0,0,0,0,0,0,0,1,1,1,1,1,1,1,1,0,0,0
113929,0,0,0,0,0,0,0,0,1,1,1,1,1,1,1,1,4,4,4
114172,1,1,1,1,1,1,1,1,1,1,1,3,2,2,3,3,3,3,3
114176,5,5,5,5,5,5,6,6,37,36,33,37,33,36,49,47,38,36,33
114472,0,0,0,0,0,0,0,0,1,1,1,2,1,1,2,2,0,0,0
114538,1,1,1,1,1,1,1,1,3,3,3,5,3,3,5,5,2,2,2
114811,3,3,3,3,3,3,6,5,11,11,11,11,11,11,14,14,8,8,8
115207,0,0,0,0,0,0,0,0,27,27,27,27,27,27,29,29,41,41,40
115453,1,1,1,1,1,1,1,1,2,2,2,17,15,15,22,22,5,5,4
116248,1,1,1,1,1,1,1,1,1,1,1,1,1,1,1,1,5,5,5
116314,0,0,0,0,0,0,0,0,5,5,4,5,4,5,7,7,4,4,4
116389,54,54,54,65,54,54,72,72,269,267,266,299,266,267,324,322,185,182,179
116749,2,2,2,2,2,2,2,2,10,10,10,12,10,10,14,14,8,8,8
116764,0,0,0,0,0,0,0,0,3,3,3,5,3,3,5,5,2,2,2
116809,2,2,2,2,2,2,2,2,6,6,6,6,6,6,6,6,4,4,4
116878,0,0,0,0,0,0,0,0,2,2,2,2,2,2,2,2,2,2,2
117691,1,1,1,1,1,1,1,1,26,26,26,33,26,26,36,36,17,17,16
117850,0,0,0,0,0,0,0,0,2,2,2,2,2,2,2,2,0,0,0
118234,0,0,0,0,0,0,0,0,4,4,4,5,4,4,5,5,1,1,1
118249,0,0,0,0,0,0,0,0,4,2,2,2,2,2,4,2,0,0,0
118750,0,0,0,0,0,0,0,0,10,8,8,8,8,8,12,10,3,3,3
118792,0,0,0,0,0,0,0,0,4,4,4,4,4,4,4,4,5,5,5
119041,21,21,21,21,21,21,25,25,140,135,135,153,135,135,174,169,47,47,46
119098,0,0,0,0,0,0,0,0,2,2,2,2,2,2,2,2,1,1,1
119563,1,1,1,1,1,1,1,1,2,2,2,2,2,2,2,2,3,3,3
119596,1,1,1,1,1,1,1,1,0,0,0,0,0,0,0,0,1,1,1
120088,0,0,0,0,0,0,0,0,10,9,9,9,9,9,10,9,3,3,3
120238,2,2,2,2,2,2,2,2,4,4,4,4,4,4,4,4,3,3,3
120271,1,1,1,1,1,1,1,1,6,6,6,7,6,6,7,7,7,7,7
120286,11,10,9,12,9,10,18,17,39,35,33,62,33,35,78,73,24,23,20
120307,34,34,34,35,34,34,38,38,227,216,215,340,215,216,382,370,234,206,206
120347,13,12,12,14,12,12,20,18,179,154,150,162,150,154,210,185,152,140,134
120397,0,0,0,0,0,0,0,0,3,3,3,3,3,3,3,3,3,2,2
120586,0,0,0,0,0,0,0,0,2,2,2,10,6,6,11,11,5,5,5
120607,1,1,1,1,1,1,1,1,4,4,4,7,4,4,8,8,1,1,1
120685,0,0,0,0,0,0,0,0,3,3,3,4,3,3,4,4,1,1,1
120697,0,0,0,0,0,0,0,0,44,13,12,19,12,13,53,22,23,23,23
121016,44,42,42,46,42,42,50,48,620,565,561,602,561,565,734,664,209,192,191
121033,14,14,13,17,13,14,19,19,28,28,28,172,123,125,210,210,16,16,16
121081,10,10,10,14,10,10,17,17,86,83,81,106,81,83,127,124,53,49,49
121195,0,0,0,0,0,0,0,0,2,2,2,2,2,2,2,2,15,14,14
121232,20,20,20,23,20,20,24,24,152,151,150,165,150,151,174,171,220,220,220
121417,0,0,0,0,0,0,0,0,6,6,6,6,6,6,6,6,2,2,2
121450,45,45,44,46,44,45,47,47,337,333,332,353,332,333,370,366,263,263,263
121597,0,0,0,0,0,0,0,0,4,4,4,4,4,4,4,4,0,0,0
121630,1,1,1,1,1,1,1,1,14,14,14,17,14,14,23,23,11,11,11
122044,7,7,7,12,9,9,16,16,16,16,16,72,61,62,96,95,24,23,23
122173,1,1,1,1,1,1,1,1,4,4,4,4,4,4,5,5,3,3,3
122476,0,0,0,0,0,0,0,0,3,3,3,3,3,3,3,3,1,1,1
122488,0,0,0,0,0,0,0,0,1,1,1,1,1,1,2,2,0,0,0
122509,1,1,1,1,1,1,1,1,4,4,4,6,4,4,6,6,2,2,2
123017,14,4,4,4,4,4,14,4,240,55,53,57,53,55,275,66,201,60,60
123166,1,1,1,1,1,1,3,3,0,0,0,0,0,0,0,0,0,0,0
123499,1,1,1,1,1,1,1,1,3,3,3,5,3,3,5,5,4,4,4
123571,97,88,84,105,84,88,145,123,493,493,488,603,488,493,727,720,404,403,396
123628,4,3,3,3,3,3,4,3,14,14,14,15,14,14,18,18,29,29,29
123871,1,1,1,1,1,1,1,1,6,6,6,7,6,6,7,7,5,5,5
123928,1,1,1,2,1,1,2,2,11,11,11,13,11,11,13,13,12,12,12
124111,4,4,4,4,4,4,4,4,23,22,22,24,22,22,35,33,7,7,7
124666,2,2,2,2,2,2,2,2,8,8,8,8,8,8,9,9,6,6,6
124837,4,4,4,5,4,4,5,5,47,46,46,48,46,46,53,51,31,30,30
124906,1,1,1,1,1,1,1,1,6,6,6,7,6,6,7,7,2,2,2
125563,0,0,0,0,0,0,0,0,2,2,2,3,2,2,3,3,0,0,0
125581,2,2,2,2,2,2,2,2,3,3,3,3,3,3,3,3,4,4,4
125899,0,0,0,0,0,0,0,0,1,1,1,0,1,1,0,0,0,0,0
125935,1,1,1,1,1,1,1,1,7,7,7,10,7,7,11,11,2,2,2
126046,1,1,1,1,1,1,1,1,10,10,10,14,10,10,20,20,1,1,1
126058,0,0,0,0,0,0,0,0,2,2,2,2,2,2,2,2,3,3,3
126061,0,0,0,0,0,0,0,0,2,2,2,2,2,2,2,2,0,0,0
126175,1,1,1,1,1,1,1,1,2,2,2,3,2,2,3,3,0,0,0
127018,2,2,2,2,2,2,2,2,12,10,10,10,10,10,13,11,25,25,25
127081,0,0,0,0,0,0,0,0,2,2,2,2,2,2,2,2,4,4,4
127162,0,0,0,0,0,0,0,0,1,1,1,1,1,1,1,1,0,0,0
127534,0,0,0,0,0,0,0,0,2,1,1,1,1,1,2,1,0,0,0
127693,1,1,1,1,1,1,1,1,6,6,6,7,6,6,7,7,5,5,5
127807,0,0,0,0,0,0,0,0,7,7,7,8,7,7,10,9,16,16,16
127870,0,0,0,0,0,0,0,0,1,1,1,2,1,1,2,2,1,1,1
128284,2,2,2,2,2,2,2,2,10,10,10,12,10,10,16,16,7,7,7
128749,1,1,1,3,3,4,6,6,0,0,0,11,9,9,14,14,0,0,0
129166,0,0,0,0,0,0,0,0,2,2,2,2,2,2,2,2,1,1,1
129257,3,3,3,6,3,3,11,11,72,70,62,84,62,70,111,108,19,19,18
129499,0,0,0,1,0,0,1,1,2,2,2,3,2,2,3,3,1,1,1
130168,0,0,0,0,0,0,0,0,3,3,3,3,3,3,4,4,2,2,2
130318,0,0,0,0,0,0,0,0,2,2,1,1,1,2,2,2,1,1,1
130330,0,0,0,1,0,0,1,1,2,2,2,2,2,2,2,2,1,1,1
130397,5,5,5,5,5,5,5,5,74,73,73,81,73,73,85,84,44,44,44
130408,8,7,7,7,7,7,8,7,55,34,33,37,33,34,62,40,86,55,53
130696,1,1,1,1,1,1,1,1,3,3,3,3,3,3,3,3,2,2,2
130699,0,0,0,0,0,0,0,0,8,8,8,9,8,8,10,10,7,7,7
130733,4,4,4,5,4,4,5,5,43,39,39,47,39,39,64,52,20,20,20
130780,5,5,5,5,5,5,5,5,45,42,42,46,42,42,55,52,41,34,34
131379,3,3,3,3,3,3,3,3,20,20,20,22,20,20,23,22,39,33,33
131442,1,1,1,1,1,1,1,1,0,0,0,0,0,0,0,0,0,0,0
131448,2,2,2,2,2,2,2,2,7,7,7,10,7,7,11,11,2,2,2
131451,1,1,1,1,1,1,1,1,2,2,2,3,2,2,3,3,1,1,1
131676,0,0,0,0,0,0,0,0,2,2,2,3,2,2,3,3,3,3,3
131742,1,1,1,1,1,1,1,1,5,5,5,5,5,5,5,5,8,8,8
131835,0,0,0,0,0,0,0,0,1,1,1,1,1,1,3,2,5,5,4
131934,1,1,1,1,1,1,1,1,3,3,3,3,3,3,4,4,5,5,5
132051,0,0,0,2,1,1,2,2,4,4,4,6,6,6,6,6,6,6,6
132465,0,0,0,1,0,0,1,1,5,2,2,3,2,2,6,3,7,4,4
132539,11,11,11,16,11,11,17,17,43,41,41,74,59,59,93,91,57,48,48
132570,3,3,3,3,3,3,3,3,21,21,20,23,20,21,30,29,13,13,13
132849,0,0,0,0,0,0,0,0,3,3,3,6,6,6,6,6,4,4,4
133659,0,0,0,0,0,0,0,0,1,1,1,1,1,1,1,1,0,0,0
133962,5,5,5,6,5,5,6,6,43,39,39,56,39,39,72,67,39,39,39
133980,15,15,15,16,15,15,18,18,101,101,101,118,101,101,126,126,66,66,66
134336,13,11,11,16,11,11,20,18,86,84,82,295,212,217,376,352,131,127,121
134391,1,1,1,1,1,1,1,1,0,0,0,0,0,0,0,0,1,1,1
134469,3,3,3,3,3,3,3,3,35,33,33,39,33,33,45,43,36,36,35
134676,0,0,0,0,0,0,0,0,5,5,5,5,5,5,5,5,3,3,3
135033,0,0,0,0,0,0,0,0,14,10,8,10,8,10,16,12,4,4,4
135072,4,4,4,4,4,4,4,4,17,17,17,19,17,17,22,21,5,5,5
135090,0,0,0,0,0,0,0,0,3,2,2,2,2,2,3,2,0,0,0
135153,0,0,0,0,0,0,0,0,1,1,1,1,1,1,1,1,1,1,1
135273,6,6,6,5,6,6,5,5,30,25,25,26,25,25,36,31,11,11,11
135477,0,0,0,0,0,0,0,0,4,4,4,4,4,4,4,4,4,4,4
135831,2,2,2,2,2,2,2,2,3,3,3,3,3,3,3,3,3,3,3
135921,4,4,4,5,4,4,5,5,30,30,20,22,20,30,43,38,12,11,11
135963,0,0,0,0,0,0,0,0,4,4,4,8,8,9,10,10,1,1,1
136017,1,1,1,1,1,1,1,1,2,2,2,5,2,2,6,6,4,3,3
136034,4,4,4,4,4,4,4,4,45,44,44,46,44,44,49,48,50,50,50
136668,3,3,3,3,3,3,3,3,7,7,7,8,7,7,11,11,4,4,4
136692,1,1,1,2,1,1,2,2,1,1,1,1,1,1,1,1,0,0,0
136722,0,0,0,0,0,0,0,0,9,9,9,10,9,9,10,10,3,3,3
136956,2,2,2,2,2,2,2,2,11,11,11,11,11,11,13,13,11,11,11
137136,6,6,6,6,6,6,7,7,37,36,33,46,33,36,58,57,37,37,36
137175,0,0,0,0,0,0,0,0,2,2,2,2,2,2,2,2,8,8,8
137244,1,1,1,1,1,1,1,1,8,8,8,8,8,8,8,8,5,5,5
137592,1,1,1,2,1,1,2,2,6,6,6,8,6,6,10,10,10,10,10
137622,0,0,0,0,0,0,0,0,1,1,1,1,1,1,1,1,0,0,0
137649,7,7,7,5,7,7,5,5,37,37,37,42,37,37,45,45,41,41,21
138006,1,1,1,1,1,1,1,1,9,9,9,10,9,9,10,10,24,21,20
138576,0,0,0,0,0,0,0,0,4,4,4,4,4,4,4,4,9,9,9
138606,24,23,22,25,22,23,38,37,145,140,138,182,138,140,206,203,96,94,90
138645,0,0,0,0,0,0,0,0,1,1,1,2,1,1,2,2,0,0,0
138840,1,1,1,1,1,1,1,1,9,9,9,9,9,9,11,11,7,7,7
139254,0,0,0,0,0,0,0,0,1,1,1,1,1,1,1,1,0,0,0
139614,6,6,6,9,6,6,11,9,40,35,34,78,53,56,120,102,52,37,35
139959,0,0,0,0,0,0,0,0,1,1,1,2,1,1,2,2,2,2,2
140181,1,1,1,1,1,1,1,1,2,2,2,3,2,2,3,3,3,3,3
140250,0,0,0,0,0,0,0,0,6,4,4,4,4,4,7,5,1,1,1
140438,4,4,4,4,4,4,4,4,46,46,45,47,45,46,54,54,57,57,57
140661,0,0,0,0,0,0,0,0,5,5,5,6,5,5,7,7,7,7,7
140793,1,1,1,1,1,1,1,1,5,2,2,3,2,2,20,3,1,1,1
140862,0,0,0,0,0,0,0,0,5,5,3,3,3,5,5,5,7,7,7
141207,2,2,2,3,2,2,3,3,5,5,5,4,5,5,4,4,5,5,5
141369,0,0,0,0,0,0,0,0,3,3,3,3,3,3,3,3,12,12,12
141395,19,15,15,26,15,15,34,31,189,126,122,157,122,126,387,203,151,132,131
141885,0,0,0,0,0,0,0,0,9,9,7,8,7,9,10,10,3,3,3
142104,6,6,5,4,5,6,6,6,35,34,34,37,34,34,43,42,30,29,29
142418,14,14,13,24,13,14,30,30,107,107,101,133,101,107,164,160,22,21,20
142422,0,0,0,0,0,0,0,0,2,2,2,2,2,2,2,2,2,2,2
142614,2,2,2,2,2,2,3,3,8,8,8,10,8,8,12,12,1,1,1
142680,0,0,0,0,0,0,0,0,2,2,2,2,2,2,3,3,0,0,0
142683,1,1,1,1,1,1,1,1,16,12,10,12,10,12,19,15,3,3,3
142782,1,1,1,1,1,1,1,1,14,14,14,17,14,14,25,24,10,10,10
142842,0,0,0,0,0,0,0,0,4,4,3,3,3,4,5,5,6,6,6
143003,39,35,35,52,35,35,68,63,149,123,116,619,457,484,936,784,215,196,188
143196,1,1,1,1,1,1,1,1,10,10,10,10,10,10,12,12,13,13,13
143514,1,1,1,1,1,1,1,1,1,1,1,1,1,1,1,1,0,0,0
143583,2,2,2,3,2,2,3,3,31,31,21,23,21,31,35,35,35,35,22
143867,2,2,2,2,2,2,2,2,18,14,14,16,14,14,22,17,25,23,20
144273,0,0,0,0,0,0,0,0,1,1,1,1,1,1,1,1,4,2,2
144420,3,3,3,4,3,3,4,4,23,22,21,32,21,22,36,34,7,7,7
144540,0,0,0,0,0,0,0,0,6,6,6,9,6,6,9,9,0,0,0
144561,0,0,0,0,0,0,0,0,17,14,14,17,14,14,20,18,23,21,21
144954,1,1,1,1,1,1,1,1,2,2,2,2,2,2,2,2,2,2,2
145050,6,2,2,2,2,2,6,2,6,5,5,6,5,5,10,7,8,5,5
145137,0,0,0,0,0,0,0,0,7,5,5,5,5,5,7,5,8,8,8
145269,2,2,2,2,2,2,3,3,7,4,3,3,3,4,8,5,0,0,0
145284,55,55,53,73,53,55,88,88,410,404,395,525,395,404,622,615,415,413,402
145308,1,1,1,1,1,1,2,2,5,5,5,9,5,5,10,10,6,6,6
145968,0,0,0,0,0,0,0,0,5,5,5,9,5,5,13,13,2,2,2
146001,3,3,3,3,3,3,5,5,9,9,9,10,9,9,11,10,4,4,4
146043,1,1,1,1,1,1,1,1,9,9,9,9,9,9,10,10,0,0,0
146070,0,0,0,0,0,0,0,0,1,1,1,2,1,1,2,2,1,1,1
146679,0,0,0,1,0,0,1,1,7,7,6,7,6,7,8,8,1,1,1
146967,0,0,0,0,0,0,0,0,9,9,9,144,118,126,185,183,0,0,0
147132,10,7,6,7,6,7,12,8,17,15,15,19,15,15,25,22,14,11,11
147153,2,2,2,2,2,2,3,3,6,5,5,8,5,5,11,9,8,7,7
147185,29,29,27,205,150,160,255,251,318,300,283,782,589,621,968,921,298,281,273
147186,2,2,2,2,2,2,2,2,8,8,8,9,8,8,9,9,11,11,11
147255,1,1,1,1,1,1,1,1,1,1,1,2,1,1,2,2,0,0,0
147390,0,0,0,0,0,0,0,0,5,4,4,6,4,4,7,6,8,8,8
147420,34,34,34,36,34,34,36,36,212,210,208,233,208,210,261,259,142,139,138
147669,0,0,0,0,0,0,0,0,20,20,20,22,20,20,24,24,19,19,19
147699,1,1,1,1,1,1,1,1,5,5,5,6,5,5,6,6,3,3,3
147705,1,1,1,1,1,1,1,1,7,7,7,6,7,7,6,6,9,3,3
148053,3,3,3,3,3,3,3,3,12,12,12,12,12,12,12,12,0,0,0
148112,6,6,6,7,6,6,7,7,33,32,32,36,32,32,43,42,26,24,24
148119,1,1,1,1,1,1,2,2,2,2,2,2,2,2,2,2,1,1,1
148193,14,14,14,16,14,14,20,20,122,122,121,130,121,122,135,135,135,135,134
148272,1,1,1,2,1,1,2,2,2,2,2,15,8,8,18,18,7,7,7
148275,3,3,3,4,3,3,4,4,30,30,30,31,30,30,37,37,36,35,35
148569,1,1,1,1,1,1,1,1,34,34,34,34,34,34,34,34,25,25,25
148668,4,4,4,4,4,4,4,4,12,12,12,15,12,12,16,16,6,6,6
149304,1,1,1,1,1,1,1,1,10,10,10,13,10,10,14,14,11,11,11
149340,0,0,0,0,0,0,0,0,1,1,1,1,1,1,1,1,1,1,1
149364,0,0,0,0,0,0,0,0,5,5,5,6,5,5,6,6,2,2,2
149598,6,5,5,5,5,5,8,7,19,19,19,24,19,19,28,28,20,20,20
149712,0,0,0,0,0,0,0,0,6,6,6,6,6,6,7,7,1,1,1
149832,26,26,26,28,26,26,31,31,270,270,268,287,268,270,317,316,140,140,140
149943,0,0,0,0,0,0,0,0,3,1,1,1,1,1,3,1,0,0,0
149961,54,53,53,54,53,53,60,58,356,327,325,1292,1198,1208,1530,1436,362,347,346
150003,2,2,2,2,2,2,2,2,10,10,9,9,9,10,11,11,6,6,6
150087,2,2,2,2,2,2,3,3,18,18,18,19,18,18,19,19,22,22,22
150126,27,27,27,31,27,27,37,37,204,199,193,220,193,199,256,251,99,96,96
150360,1,1,1,1,1,1,2,2,1,1,1,4,3,3,4,4,1,1,1
150453,0,0,0,0,0,0,0,0,1,1,1,3,1,1,3,3,1,1,1
150483,1,1,1,2,1,1,2,2,25,25,25,27,25,25,32,32,17,17,17
150516,0,0,0,0,0,0,0,0,1,1,1,2,1,1,2,2,4,4,4
150528,18,17,17,21,17,17,25,24,324,308,304,338,304,308,407,382,330,314,313
150585,2,2,2,4,4,4,5,5,0,0,0,16,11,11,17,17,10,9,9
150834,1,1,1,1,1,1,1,1,8,8,8,9,8,8,10,10,5,5,5
150905,5,5,5,6,5,5,6,6,36,36,36,36,36,36,36,36,60,57,55
151025,19,19,19,23,19,19,28,28,123,120,119,134,119,120,157,153,51,50,49
151251,0,0,0,0,0,0,0,0,1,1,1,1,1,1,1,1,1,1,1
151326,5,5,5,5,5,5,6,6,63,35,35,38,35,35,76,40,50,40,40
151374,6,6,6,7,6,6,8,8,37,37,37,38,37,37,41,38,47,32,31
151536,0,0,0,0,0,0,0,0,7,7,7,9,7,7,9,9,6,4,3
151739,50,50,49,65,49,50,80,80,306,304,299,361,300,305,443,436,264,254,248
151776,112,111,110,154,110,111,183,177,900,848,829,1110,898,917,1388,1324,1223,1160,1130
152331,6,6,6,7,6,6,7,7,55,54,52,65,52,54,82,78,43,43,43
152439,0,0,0,0,0,0,0,0,2,2,2,2,2,2,2,2,1,1,1
152772,1,1,1,1,1,1,1,1,56,20,20,21,20,20,57,21,56,17,17
152784,11,11,11,12,11,11,12,12,117,110,110,116,110,110,138,128,126,121,121
152787,1,1,1,1,1,1,1,1,0,0,0,0,0,0,0,0,0,0,0
152949,0,0,0,0,0,0,0,0,3,3,3,3,3,3,3,3,0,0,0
153591,0,0,0,0,0,0,0,0,2,2,2,2,2,2,2,2,5,5,4
154002,0,0,0,1,0,0,1,1,4,4,4,6,4,4,6,6,14,14,5
154038,2,1,1,1,1,1,1,1,0,0,0,2,0,0,2,2,1,1,1
154203,0,0,0,0,0,0,0,0,4,4,4,5,4,4,5,5,2,2,2
154386,0,0,0,0,0,0,0,0,2,2,2,3,2,2,4,4,0,0,0
154641,9,9,8,11,8,9,12,12,62,58,58,64,58,58,75,66,62,62,58
154800,0,0,0,0,0,0,0,0,2,2,2,2,2,2,2,2,0,0,0
154815,0,0,0,0,0,0,0,0,10,10,10,11,10,10,12,12,5,5,5
154908,16,15,15,23,15,15,26,25,126,111,103,216,141,152,313,257,171,156,151
154911,0,0,0,0,0,0,0,0,6,6,6,6,6,6,6,6,2,2,2
155418,1,1,1,1,1,1,1,1,0,0,0,0,0,0,0,0,0,0,0
155478,0,0,0,0,0,0,0,0,11,8,8,13,9,9,19,15,2,1,1
155708,9,9,9,10,9,9,13,13,37,37,36,120,79,84,163,163,28,28,26
156560,3,3,3,8,3,3,10,10,48,43,43,90,64,64,115,109,29,25,25
156561,3,3,3,3,3,3,3,3,5,4,4,3,4,4,4,3,1,1,1
156659,6,6,6,6,6,6,6,6,56,41,41,43,41,41,76,47,69,32,32
156660,1,1,1,4,1,1,4,4,17,16,15,22,15,16,27,26,19,19,19
156696,0,0,0,0,0,0,0,0,1,1,1,1,1,1,1,1,0,0,0
156702,0,0,0,0,0,0,0,0,3,3,3,3,3,3,4,4,1,1,1
157848,4,4,4,5,4,4,6,6,30,30,30,36,30,30,37,37,32,32,32
158171,9,9,9,11,9,9,11,11,73,73,73,74,73,73,88,88,58,58,57
158387,8,7,7,12,7,7,15,13,44,43,42,59,42,43,66,65,52,52,52
158388,1,1,1,1,1,1,1,1,8,8,8,8,8,8,8,8,18,17,17
159354,2,2,2,2,2,2,2,2,1,1,1,1,1,1,1,1,1,1,1
159483,0,0,0,0,0,0,0,0,5,5,5,6,5,5,8,8,8,8,7
160181,2,2,2,3,2,2,5,5,32,30,30,41,32,32,48,45,8,8,8
160626,2,2,2,2,2,2,2,2,7,7,7,7,7,7,8,8,7,6,6
161205,0,0,0,0,0,0,0,0,3,3,3,4,3,3,5,5,2,2,2
161238,0,0,0,2,0,0,2,2,7,7,7,83,69,73,114,114,48,48,45
161340,2,2,2,2,2,2,2,2,4,4,4,7,5,5,7,7,4,4,4
161378,95,85,84,106,84,85,139,128,811,769,721,910,721,769,1159,1103,884,848,802
161556,0,0,0,0,0,0,0,0,5,5,5,5,5,5,5,5,8,8,8
161685,0,0,0,0,0,0,0,0,4,4,4,5,4,4,7,7,3,3,3
161850,0,0,0,0,0,0,0,0,4,4,4,9,7,7,10,10,3,3,3
162006,0,0,0,0,0,0,0,0,5,5,5,6,5,5,7,7,2,2,2
162171,0,0,0,0,0,0,0,0,1,1,1,2,1,1,2,2,3,2,1
162744,2,2,2,3,2,2,4,4,13,13,13,16,13,13,16,16,8,7,7
162833,5,5,5,5,5,5,5,5,42,40,40,44,40,40,48,45,40,38,38
162840,0,0,0,0,0,0,0,0,5,5,5,6,5,5,9,9,3,3,2
162875,5,5,5,6,5,5,7,7,207,206,202,222,202,206,237,236,47,45,43
162900,0,0,0,0,0,0,0,0,15,14,14,14,14,14,18,17,6,6,6
162939,1,1,1,2,1,1,2,2,18,16,16,26,24,24,29,27,17,17,15
163074,4,4,4,6,4,4,7,7,34,31,31,40,31,31,50,47,20,19,19
163088,4,4,4,4,4,4,4,4,49,49,47,64,47,49,80,80,27,26,26
163290,0,0,0,0,0,0,0,0,1,1,1,2,1,1,2,2,5,5,5
164240,6,6,4,5,4,6,8,8,38,37,36,47,36,37,61,58,34,34,31
164286,6,6,6,7,6,6,7,7,110,110,109,129,109,110,146,145,194,189,185
164346,3,2,2,5,2,2,6,5,41,38,36,54,36,38,66,61,55,54,54
164403,0,0,0,0,0,0,0,0,5,5,5,5,5,5,5,5,3,3,3
164406,0,0,0,1,0,0,1,1,3,3,3,3,3,3,3,3,1,1,1
164436,3,3,3,3,3,3,3,3,16,16,16,18,16,16,21,21,13,13,13
164484,0,0,0,32,24,24,34,34,39,39,36,77,70,74,86,86,33,32,31
164535,0,0,0,0,0,0,0,0,1,1,1,3,1,1,3,3,3,3,3
164631,3,3,3,5,3,3,6,6,15,15,15,18,15,15,18,18,10,10,10
164666,19,19,19,22,19,19,33,27,158,148,145,333,317,330,399,375,198,184,182
164703,1,1,1,1,1,1,1,1,3,3,3,4,3,3,5,5,4,4,4
165345,5,5,5,7,5,5,7,7,68,66,65,69,65,66,81,79,41,41,41
165969,0,0,0,0,0,0,0,0,8,6,6,6,6,6,9,7,2,2,2
165981,6,6,4,4,4,6,6,6,9,9,9,9,9,9,9,9,22,21,21
166068,0,0,0,0,0,0,0,0,1,1,1,2,1,1,5,2,1,1,1
166167,1,1,1,1,1,1,1,1,6,6,6,7,6,6,8,8,6,6,6
166581,1,1,1,1,1,1,1,1,1,1,1,3,1,1,3,3,0,0,0
166800,0,0,0,0,0,0,0,0,4,4,4,4,4,4,4,4,3,3,3
166875,0,0,0,2,0,0,2,2,3,3,3,6,3,3,6,6,8,8,8
166938,1,1,1,1,1,1,1,1,4,4,4,4,4,4,4,4,4,4,4
167001,0,0,0,0,0,0,0,0,8,8,8,8,8,8,8,8,14,10,9
167265,50,47,44,55,44,47,68,62,395,390,385,463,385,390,547,533,605,593,580
167289,0,0,0,0,0,0,0,0,3,3,3,3,3,3,4,4,4,4,4
167349,1,1,1,1,1,1,1,1,23,23,23,27,23,23,30,30,20,19,19
167376,4,4,4,4,4,4,6,6,15,15,15,17,15,15,18,18,28,27,27
167391,1,1,1,1,1,1,1,1,6,6,6,6,6,6,6,6,2,2,2
167715,40,32,31,42,31,32,60,47,209,190,161,468,331,368,635,578,230,207,176
167931,0,0,0,0,0,0,0,0,2,2,2,2,2,2,2,2,0,0,0
168348,8,7,7,7,7,7,10,9,62,61,59,65,59,61,72,71,55,55,53
